단어,빈도
팝송,5878
좋은,3786
국내,3406
음악,2882
힙합,2744
모음,2424
감성,2223
리스트,2109
노래,1940
팝,1708
기분,1688
플레이,1665
여름,1517
밤,1480
너,1467
듣기,1434
때,1256
봄,1250
하루,1212
크리스마스,1199
잔잔한,1186
이,1175
가장,1102
도입,1036
부,1011
알앤비,1005
인기,978
우리,930
많았던,919
가을,861
사랑,857
카페,851
나,848
오늘,818
진짜,816
겨울,812
날,776
분위기,731
내,713
마음,709
올해,672
속,669
재즈,650
캐롤,647
수,625
곡,594
국힙,577
있는,573
트렌디,560
신나는,558
플리,557
인생,556
음색,543
오후,535
아침,523
선선,515
파리,504
주인,504
따뜻한,489
비,488
드라이브,484
감각,483
그,477
최애,468
시원한,466
것,465
위로,465
더,461
위,448
여유,447
결산,442
띵곡,440
선,437
사람,434
나른한,431
노을,431
저녁,417
발라드,415
그루,414
길,414
특집,411
주말,409
외힙,407
순간,403
시간,403
지금,399
연말,394
시작,386
준비,380
퇴근,373
비트,369
당신,362
좋아,356
선곡,353
브,351
새벽,349
고막,349
햇빛,347
끝,343
힙,342
날씨,338
방,337
방법,333
기억,331
뭐,328
햇살,327
산뜻한,324
생각,323
달달,321
거,318
가득한,317
사운드,312
공기,306
일상,300
산책,300
꼭,297
안될,295
바,293
상반기,293
포근한,293
설레는,290
일리,288
느낌,285
같은,280
전환,279
외국,278
첫,278
인디음악,275
집,274
해,272
데,268
사이,268
여행,266
그냥,265
이런,262
다시,260
가볍게,258
전시,255
가득,253
없는,253
베이,252
지크,252
그루브,250
피크닉,248
편안한,245
말,242
하늘,239
매장,232
도시,231
여기,226
온,222
요즘,222
계절,221
커피,221
독자,220
행복,218
알,213
파티,213
거리,210
눈,210
아티스트,210
이벤트,204
사장,204
네,204
전하,202
구석,201
모든,199
공간,194
상큼,192
아래,188
종결,188
퇴근길,187
청량한,186
언제,185
낭만,185
안,184
좋게,182
멜로디,182
어디,179
매일,179
바람,178
혼자,176
발견,176
책,175
의,173
와인,170
추천,169
또,168
볼,167
케어,166
봄날,164
선물,164
절,164
마무리,161
바다,158
무조건,158
편하게,158
잠,157
인스타그램,156
소리,156
취하,155
해도,155
이불,155
시티,154
필요할,152
구름,152
빛,152
중,152
위해,151
총,151
연애,151
충전,150
댓글,150
귀,149
종일,148
여자,146
지근,146
달짝,146
그루비,146
여러분,145
필요한,145
작가,145
전,143
새로운,141
한번,141
필수,141
좋은데,141
꽃,137
세련된,137
줄,137
적당히,137
마지막,136
미셸,136
들라크루아,136
사,135
어때,134
모두,134
셀,134
무드,133
잠시,132
꿈,132
영화,131
여름밤,131
노동요,131
컬,130
트로피,130
후,130
이번,129
잔잔하게,128
입니다,127
사진,126
시련,125
상쾌한,125
퓨전,124
피부,124
있어,124
그대,124
기,123
편안하게,123
브랜드,123
경쾌한,123
바로,122
백화점,122
타고,122
차,122
면세점,122
포근하게,121
유튜브,121
아름다운,120
좋아서,119
좋겠어,119
취향,119
이쯤,118
저,118
멀티,116
라면,115
어서,115
질리,114
바이브,114
잔,113
새해,113
행복한,113
작은,112
라운지,112
펍,112
그림,112
힐링,111
명곡,111
화창한,110
두려움,109
소중한,109
상쾌하고,109
클럽,109
안녕,109
슬슬,107
독보,107
텐션,107
적당한,106
번,106
곳,106
리듬,106
있도록,105
올드,104
렉팝,104
제,104
호불호,104
스킨,104
파도,103
여름날,103
맞이,102
역시,101
랜선,100
행복했다,100
락페,100
바쁜,100
하반기,100
덕분,100
걱정,99
정도,98
로우,98
미쳐,98
미친,98
완벽한,98
빈티,98
작업,98
중간,97
중독,97
자세,97
자연,97
편집,96
연작,96
듯,95
게시,95
물,95
스트레스,95
틀,95
무더위,94
휴가,94
친구,94
두둠칫,94
탑,93
루프,93
따스한,93
자외선,93
삶,92
해변,92
요,92
가수,90
약속,90
어떤,90
폭발,90
유,90
레트로,90
개쩌,89
없다,89
이별,89
별,89
채,88
출처,88
참여,88
어쿠스틱,88
레이,87
광고,87
트렌딩,87
몸,87
물씬,87
남자,87
시원하게,87
고맙도록,86
벌써,86
집중,86
일,86
못,85
저장,85
맛집,84
일만,84
광합성,84
로,84
향기,84
파이,84
영상,83
브루클린,83
동안,83
모닝,83
매력,83
를,82
좋아하면,82
좀,82
자극,82
헤,82
그런,81
평생,81
봄바람,80
냄새,80
하나,80
자리,80
반복,79
월요일,79
누구,79
도,78
이야기,78
색,78
진행,78
좋아하는,78
사운드클라우드,77
좋을,76
수고,76
여운,76
영혼,76
이상,76
곧,76
로맨틱,75
괜찮아,75
핫,75
틴,74
함,74
섹시,74
걸,74
위스키,74
휴식,74
클릭,74
홈파티,73
마음껏,73
다시금,73
두,73
세상,73
산소,73
퍼펙트,72
작품,72
물든,72
조금,72
과,71
미쳤다,71
이어폰,71
다크,71
리드미컬,70
잠깐,70
분,70
환장하는,70
무더운,69
착하게,69
산타할아버지,69
운동,69
완료,69
조용한,68
상승,68
설렘,68
딜러,68
전투력,68
있을,68
통해,68
뭔가,68
장인,67
치명,67
빗,67
시원해지는,67
스윙,67
사기,67
싱그러운,67
있습니다,66
인디팝,66
이제,66
꽉,66
앞,66
산뜻하게,66
세포,66
간다,66
스타일,66
머릿속,65
스푼,65
항상,65
듬뿍,65
열대야,65
장사,64
힙스터,64
헬스,64
가게,64
싫어,63
편안해지는,63
좋겠다,63
포함,63
브팝,63
어느새,62
점,62
가끔,62
특별한,62
따뜻하게,62
보컬,62
기회,61
인트로,61
세련,61
회원,61
가입,61
맛,61
소울,61
아무,61
멤버십,61
달,61
문득,61
평범한,61
미,61
업,61
오프라인,61
등급,61
업그레이드,61
힘들고,61
캘리포니아,60
잔잔하고,60
깡패,60
가면,59
나중,59
정리,59
책임,59
제공,59
한국,58
당첨,58
설렌다,58
정점,58
같아,58
때로는,57
힙하,57
활,57
창문,57
내적댄스,57
청춘,57
달콤한,57
힘,57
주의,57
피해,57
조용히,56
방황,56
비건,56
란,56
센치한,56
오픈,56
누,56
추가,55
아이돌,55
주년,55
무엇,55
화이트,55
스포티파이,54
나로,54
더블유,54
스피커,54
괜찮은,54
윈저,54
충분히,54
배,54
아주,53
부드럽고,53
깄,53
초여름,53
물속,53
기적,53
아름답게,53
따슷,53
홈페이지,52
공식,52
이태원,52
선선해진,52
행복하게,52
시원하고,52
건,52
그래,51
선명히,51
티켓,51
뮤직,51
인,51
만끽,51
보랏빛,51
있으면,51
방문,51
걸음,50
이름,50
피,50
사람과,50
캐치,50
클래식,50
하이,50
색다른,50
희망이,50
에센셜,50
작성,50
지수,50
좋지만,50
스페셜,50
편,50
여성,50
가족영화,50
구역,50
엣헴,50
안개,50
피어,50
주,50
감,50
감동,50
세대,49
어스름,49
연인,49
부터,49
틈,49
널,49
끊임없이,49
불멸,49
신한,49
선정,49
썸머,49
없어,49
핑크,49
관통,49
갑자기,49
많은,49
폭,49
벅찬,48
따뜻해,48
힘들었던,48
쩌,48
좋아할,48
기간,48
있지,48
누가,48
꽃처럼,48
바탕,48
대표,48
해방촌,48
목소리,48
콘텐츠,47
제작,47
향,47
좋잖아,47
계속,47
석양,47
뜨거운,47
유료,47
차단,47
금방,46
채널,46
있나요,46
처음,46
옆,46
신제품,46
영감,46
해지,46
리드미컬한,46
포크,46
절제,45
공원,45
청량하고,45
개장,45
하우스,45
테크,45
봄맞이,45
연주,45
금요일,44
달빛,44
명,44
기념,44
따뜻하고,44
가기,44
기대하며,44
썸,44
딥,44
일부러,44
휴양지,44
에너지,44
우린,44
유영,44
토,44
공허한,44
한적한,44
몽환,43
뿜뿜,43
자신,43
신나고,43
술,43
보사노바,43
운전,43
복잡한,43
주인공,43
습기,43
그랬어,43
귓가,43
좋아한다면,43
창,42
시절,42
저격,42
업로드,42
뉴욕,42
아련한,42
아프로,42
산뜻하고,41
다행,41
콜렉션,41
경계,41
엄마,41
추억,41
은은하게,41
휴일,41
밖,41
회색,41
방안,41
심장,41
갈래,41
신곡,41
버스,41
시즌,41
고생,40
일렉트로,40
까딱,40
만,40
울적한,40
순,40
힙해짐,40
프리미엄,40
온전,39
낯선,39
하트,39
자,39
부드러운,39
소프트,39
시그널,39
편안함,39
복판,39
순이,38
완성,38
돌이,38
야경,38
뜻,38
잠기,38
그린,38
핫플,38
초가을,38
에스프레소,38
보시,38
확실한,37
서로,37
월요병,37
신나,37
이건,37
자장가,37
미국,37
부드럽게,37
힘들어하고,37
호캉스,37
소소하지만,37
차가운,37
가치,37
때문,37
매운,37
뭉글,36
기운,36
홀로,36
팝락,36
시끄럽지,36
벚꽃,36
차분하고,36
질,36
진,36
지나,36
필요해,36
국도,36
보장,36
따스하고,36
만난,36
힘찬,36
나른하게,35
뉴,35
마치,35
복잡할,35
편안하고,35
밴드,35
슬픈,34
물결,34
분과,34
가지,34
미술관,34
초대,34
프랑스,34
장마,34
계정,34
서비스,34
렁,34
스케이트,34
동심,34
한가람,34
가족,34
디자인,34
점점,34
내일,34
링,34
규모,34
고스,34
섹스,34
벨,34
따슷하,34
관람객,34
페인팅,34
매,34
있는데요,34
반하고,34
탄생,34
해당,34
싱그럽고,34
관람,34
배우,34
잔뜩,34
리지,34
어떤지요,34
주제,34
화가,34
최대,34
성,34
손해,34
예술의전당,34
가야,34
해방,33
무기,33
러블리,33
지루해,33
댄스,33
포기,33
정신,33
게스트,33
펑크,33
인디밴드,33
춤,33
있음,33
십년,33
자유,33
필름,33
최고,33
신경,33
레스토랑,33
쉿,33
체증,33
없을걸,33
힘들더라도,33
왜,33
힘들,32
뚝,32
싹,32
즐거운,32
싫은데,32
모델,32
외힙러들,32
유발,32
센치,32
자주,32
오지,32
흥겨운,32
복잡하고,32
비도,32
락,32
탈때,32
불,32
강,31
이종범,31
많다,31
가득할거야,31
회사,31
풀,31
소중하지만,31
사무실,31
비타민,31
극락,31
싫을,31
팝아티스트,31
신현빈,31
자정,31
하자,31
화,31
발표,31
이쁜,31
점심시간,31
창가,31
타임,31
예,31
연구소,31
타,31
제품,31
필요하죠,31
지하방,31
구,31
감기,31
캔맥,31
목,31
묵직한,30
쉬,30
가슴,30
토요일,30
수영,30
도넛,30
스타,30
장소,30
베스트,30
법,30
지엄,30
늦가을,30
렉,30
낮맥,30
디스코,30
강한,30
쿵쾅,30
욕조,30
울,30
꿀렁,30
불금,30
어땠나요,30
만점,30
인스타,30
훅,30
아이유,30
기쁨,30
자꾸,30
산책길,30
정류장,30
쨍,30
트랙,30
열정,30
선명하게,30
즈음,30
세트,30
선택,29
있던,29
템포,29
저기,29
외출,29
힘든,28
마주,28
원료,28
커피빈,28
스토어,28
그때,28
온실,28
한강,28
꿀렁이,28
꿀꿀한,28
위치,28
미온수,28
핵심,28
둠칫,28
발렌타인데이,28
애,28
골목길,28
있을까,28
대한,28
매년,28
설렘지수,28
따뜻했던,28
취소,28
경험,28
벽감,28
반해,28
층,28
나무,28
핫초코,28
단상,28
수채화,28
평일,28
플래그,28
예감,28
파도처럼,28
내게로,28
린다,28
무수,28
베이지,28
연희,28
수많은,28
연희동,28
바이닐,27
세기,27
불빛,27
만날,27
호강,27
좋구요,27
굿나잇,27
얘,27
땐,27
세,27
추첨,27
비행,27
여행가,27
설레이는,27
인과,27
존재,27
안도,27
블루투스,27
귀로,27
따스했던,27
일로,27
한해,27
초청,27
돗자리,27
미치겠어요,27
고당,27
머리,27
에미넴,27
잭,27
동반,27
당고,27
철수,27
개별,27
마련,27
점철,27
적막한,26
꽃내음,26
침대,26
짙게,26
온통,26
토닥토닥,26
애플,26
굿모닝,26
펑키,26
예쁜,26
밍,26
호수,26
나른해지는,26
잔디밭,26
커먼,26
댄서,26
불면,26
젊음,26
제거,26
블,26
어깨,26
회수,26
뷰,25
안될까,25
태풍,25
부가,25
지지,25
맑음,25
개도,25
로맨스,25
인터라켄,25
지루한,25
콜,25
나라,25
캬캬캬,25
선사,25
위태롭,25
캠프,25
생명,25
롤러코스터,25
녀석,25
발걸음,25
감독,25
분명히,25
놀이,25
마스크,25
프렌치,25
이내,25
만약,25
선샤인,25
결코,25
마법,25
깊은,25
진정한,25
아니라,25
자욱한,25
치도,25
짙은,25
맥주,25
해일,25
사과,25
그릴,25
매우,25
집콕러들,25
괜찮으시겠어요,25
상쾌하게,25
터널,25
짜릿한,25
삽입,25
스레,25
최면,25
뻔,25
광고음악,25
초저녁,25
도파민,25
세레나데,25
절망,25
버티고,25
광경,25
벅차,25
팽이,25
조심,25
망원동,25
소복소복,25
것임,25
있겠지,25
같아서,25
시리,25
소소한,25
있기에,25
있는지도,25
있어요,25
쏙쏙,25
매몰,25
소담,25
시린,25
집시재즈,25
주위,25
형님,25
광활한,25
출퇴근길,25
없잖아,24
전달,24
건강한,24
전초,24
엉덩이,24
나른하고,24
결정,24
접수,24
에메랄드,24
제목,24
본격,24
나태주,24
롯,24
밋밋한,24
지루한게,24
오렌지,24
도로,24
스스로,24
멜랑콜리,24
무렵,24
메리,24
쿨,24
에이,24
좋아하고,24
체,24
포근포근,24
시끄러운,24
무언가,24
해진,24
편집숍,24
자생,24
축,24
줄기,24
벨벳,24
출발,24
만큼,24
은,24
블링블링,24
안성맞춤,24
취,24
있고,24
해안,24
곁,24
맘,24
화이팅,24
싫다구,24
더해,24
자체,24
뿌리,24
식물,24
겹,24
팔,24
세련되고,24
그리워하세요,24
일출,24
잔잔히,24
홍대,23
청소,23
전자,23
피쳐링,23
특별,23
나른함과,23
최신,23
깊어져라,23
출시,23
지원,23
공덕,23
잔잔함,23
지하,23
끈,23
오전,23
꼬리,23
필요,23
조각,23
완벽하게,23
니,23
서늘한,23
런칭,23
몽글몽글해지는,23
소개,23
레모네이드,23
물기,23
선셋,23
아름다웠다,23
네이버,23
발,23
앨범,23
찰리,22
푸스,22
더하다,22
조작,22
포,22
설,22
설레잖아,22
출연자,22
파워,22
소닉,22
잔나비,22
있잖아요,22
설레어서,22
레일,22
연남동,22
그리워질,22
그날,22
실크,22
전세계,22
장남,22
신년,21
폼,21
바다로,21
바닷가,21
어프,21
고급,21
순간이동,21
뜨겁게,21
취저,21
검정치마,21
겉,21
통통,21
들뜨잖아,21
침,21
불멍,21
캠핑장,21
비극,21
신남,21
당당한,21
있다고,21
러브,21
현실,21
면서,21
세월,21
대송,21
나란히,21
클렌징,21
크러쉬,21
재즈팝,21
더한,20
장난감,20
제대로,20
잔잔함이,20
소파,20
작고,20
정말,20
귀찮아서,20
쌀쌀한,20
적,20
브금,20
센슈얼,20
장난,20
샤우팅,20
고개,20
수정,20
추석,20
답답한,20
생활,20
독기,20
생기,20
사인,20
장바구니,20
성수동,20
도착,20
재밌는,20
차안,20
있다면,20
짝꿍,20
아니잖아,20
칩거,20
미소,20
번화가,20
우유,20
미학,20
풋풋한,20
미러볼,20
네온,20
강렬한,20
바이러스,20
하얀,20
반하는,20
발랄,20
밤하늘,20
방울,20
해피,20
우울,20
로봇,20
남성,20
건방져지는,20
은은한,20
탄산,20
롸커들,20
소호,19
죽음,19
마디,19
미라클,19
나들이,19
뮤,19
그리워한,19
노인,19
미쳤,19
닉,19
주제가,19
갓,19
없죠,19
라드,19
쓰나미,19
없던,19
있었던,19
여학생,19
화음,19
뜨거웠던,19
옷장,19
시각장애인,19
무중력,19
러,19
헬스할,19
소녀,19
게임,19
고향,19
책장,19
의지,19
등,19
테라스,19
붉은,19
애절한,19
드라이빙,19
듀엣,19
추위,19
사신,19
청량터,19
청년,19
위켄드,19
더운,19
사이먼,19
책방,19
언니,19
네온사인,19
살,19
찬란한,19
도미,19
말랑말랑한,18
매혹,18
톰,18
로그,18
효,18
별빛,18
칠하고,18
브이,18
로움,18
보들보들해지는,18
대루,18
프롬,18
가까운,18
같,18
멍하니,18
행복하자,18
스윗,18
모던,18
포브스,18
초록,18
문장,18
한여름,18
둠칫둠칫,18
한잔,18
좋,18
비행기,18
미드나잇,18
샤워,18
비어,18
소화,18
따뜻함에,18
햇볕,18
간만,18
러닝,18
난,18
아니,18
심야,18
어떻게,18
에어컨,18
심쿵,18
김재식,18
내적,18
인트,18
있잖아,18
노력,18
앱,17
펑펑,17
유독,17
있지만,17
변동,17
과정,17
기대하게,17
소희,17
불편하던,17
캠페인,17
보드,17
야할,17
불가,17
부모님,17
앤,17
변화,17
부디,17
쿨한,17
겨울비,17
타게될껄,17
을지로,17
불구,17
종로구,17
취해,17
취할,17
대상,17
서울시,17
서울,17
진창,17
골목,17
고픈,17
더욱더,17
찌릿해,17
기도,17
도심,17
눈물,17
좋으니,17
안나,17
답,17
청소년,17
사르르,17
사랑스런,17
초과,17
촉촉한,17
촌,17
인간,17
고,17
김혜수,17
절대,17
룸,17
퇴폐,17
없기에,17
라운드,17
그럼에도,17
활보,17
시대,17
한도,17
할인,17
감상,17
재생,17
무드있는,17
엉망,17
어렵게,17
매출,17
내추럴,17
시소,17
행복해,17
헤어지자,17
시시콜콜한,17
느긋하게,17
오직,17
자하문로,17
레드,17
값,17
혁신,17
같습니다,17
개,17
리틀,17
어렵고,17
습한,17
포레스트,17
가능,17
원동력,17
마리,17
가능성,17
폭죽,17
웨이즈,17
독서,16
레몬,16
서운할,16
집업,16
공부,16
흔하지,16
징,16
흑백,16
기존,16
가득할,16
남,16
가든,16
고민,16
짜릿해,16
후드,16
로랑,16
사서,16
일렉트로니카,16
낮술,16
발랄한,16
뿐,16
원한다면,16
윈터,16
방식,16
꿀,16
버킷리스트,16
거지,16
베이글,16
변경,16
같은데,16
같았던,16
별로,16
떄,16
태양,16
고단,16
꽃들이,16
업데이트,16
부분,16
강가,16
없다면,16
문제,16
글,16
없으니,16
취급,16
계획,16
오혁,16
간,16
카더,16
수도,16
전혀,16
달라,16
손,16
재,16
소박하고,16
궁금해,16
시속,16
신나요,16
긍정,16
저작권,16
실수,16
근사한,16
전교,16
쏠,16
제외,16
센치함이,16
금은,15
치기,15
청량,15
제주도,15
사색,15
귀찮을,15
야간,15
섹시한,15
목걸이,15
뽀송하게,15
명절,15
그리워하며,15
블랙,15
촉촉하게,15
행복할,15
에펠탑,15
뒷골목,15
부질없다,15
좋다,15
베를린,15
코코아,15
등장씬,15
얼마나,15
푸릇푸릇,15
푸르른,15
포르투,15
나기,15
바질,15
미안해,15
요정,15
싫은,15
건행,15
설레게,15
유명하지,15
투샷,15
어떄,15
태연,15
합,15
합격,15
음,15
자기야,15
키치,15
봄밤,15
클라우드,15
몽골,15
봄볕,15
머,15
잠수교,15
브라운아이드소울,15
임영웅,15
성지,15
후회될,15
아쉬운,15
일렉트로닉,15
매번,15
새벽녘,15
아아,15
좋은지,15
아까운데,15
시원함,15
설날,15
작심삼일,15
잔잔함과,15
가득했어,15
세상만사,15
나이,15
북미,14
발끝,14
부스터,14
아니거나,14
일어나서,14
미안,14
올드팝,14
온도,14
피렌체,14
몰입,14
자기,14
붉게,14
애가,14
스타일리시,14
없을까,14
강변,14
성냥,14
그럴지도,14
특별해질,14
시원해서,14
쉼표,14
유니온,14
정거장,14
톡톡,14
자락,14
정석,14
얘기,14
거나,14
펌프,14
보이,14
있나보다,14
서나,14
필요하니까,14
요런,14
다정하게,14
아마,14
제격,14
려고,14
압로,14
때내,14
있을게요,14
시크,14
포근하고,14
차분하게,14
뻔하지,14
좋기,14
시시한,14
담담하게,14
냉치냉,14
즐감,14
아이폰,14
고요,14
메이커,14
청량함의,14
메뉴,14
나이키,14
표,14
뚝섬유원지역,14
채운,14
홈,14
향기로,14
지도,14
출근,14
행복해진다,14
모드,14
경쾌하고,13
혹시,13
기록,13
좋아하시냐,13
길은,13
지겹고,13
거기,13
호숫가,13
얼,13
보리차,13
옥상,13
첫사랑,13
소나타,13
신스팝,13
없고,13
순서도,13
비주,13
없는가수,13
없을거에요,13
희망,13
그룹,13
지름신,13
안되는,13
한국인,13
핑크색,13
멋짐,13
고마워요,13
알프스,13
풋풋하고,13
설레임,13
잔잔하니,13
좋아하세요,13
오존,13
추리,13
불안한,13
야하는,13
젤라또,13
주문,13
쇼핑,13
마저,13
후회,13
없겠지,13
지고,13
아쉬워,13
안해,13
풋풋함을,13
컴퓨터,13
슬픔,13
공감,13
맴도,13
람보르기니,13
랭,13
높은,13
넷플릭스,13
이유,13
산뜻,13
개인,13
바람결,13
장착,13
많을,13
거림,12
남아,12
평,12
론,12
따뜻해지는,12
우려,12
스코틀랜드,12
베니,12
방해,12
산,12
몰트,12
착각,12
볼륨,12
해소,12
혹쉬,12
훌쩍,12
컨셉,12
없어서,12
달리,12
새로,12
조합,12
더욱,12
좋아하잖아,12
사랑스러운,12
싱글,12
높이,12
빡센,12
김,12
시원시원한,12
잔잔하면서,12
꽃잎,12
자존감,12
무작정,12
걸그룹,12
레이브,12
처럼,12
사이다,12
트렌치코트,12
막,12
옷,12
길게,12
신나지,12
보름달,12
수제,12
정통,12
게으름,12
막차,12
고독,12
오키,12
적재,11
남방,11
끼,11
왜케,11
우산,11
그런거야,11
힘들어서,11
맑은,11
행복지수,11
흐트러진,11
강박,11
무심코,11
그럴,11
다르게,11
리드미컬하며,11
띵곡들,11
급,11
믹스,11
준형,11
근사해져,11
게,11
짐,11
쉬워,11
죠지,11
깡,11
세번,11
데이먼,11
숲,11
기타,11
찬,11
심,11
변태,11
있었으면,11
스,11
척,11
놨는데,11
보이스,11
본능,11
둘,11
뿌셔,11
겨우,11
수면제,11
빡샌,11
김뮤,11
출근길,11
질주,11
존나,11
평소,11
다양한,11
엄지,11
바보,11
뉴에이지,11
전부,11
기리보이,11
그랬음,11
반해서,11
그동안,11
발동,11
주섬주섬,10
있더라,10
사실,10
마냥,10
최대한,10
연수,10
장면,10
있다는,10
모로,10
깊어가는,10
심히,10
드림,10
길어,10
혼,10
즐겁게,10
샹치,10
다가,10
성진,10
생,10
만족,10
짝사랑,10
대하,10
오묘한,10
가득하길,10
설렘으로,10
당장,10
있어주었죠,10
멋있게,10
좋아해,10
오,10
아쉬워서,10
밀어내기,10
이나,10
랄,10
무슨,10
감미로운,10
태식,10
순서,10
노랠,10
어땠어,10
감정,10
무한,10
벽난로,10
거듭,10
단단히,10
다음,10
미완,10
어바웃타임,10
그러길,10
딧,10
락스타,10
있을래,10
꼬실려,10
결과,10
나머지,10
몽,10
아까운,9
다운,9
분업,9
플라워,9
걸음걸이,9
스웨,9
저절로,9
하디,9
오늘밤,9
뭉게뭉게,9
프라,9
시온,9
블루,9
장건,9
쌘,9
안전벨트,9
좋으니까,9
눈동자,9
섹시함은,9
신나게,9
유니크,8
호프,8
흔한,8
았었는데,8
힘들어하는,8
있는데,8
뮤지션,8
서툴지만,7
없었으면,7
토리,6
빨래,6
마블,5
히어로,5
주노,5
음원,5
젊은,3
현재,3
어떨까,3
외로움,3
나쁘지만은,3
로럴,3
페스티벌,2
다니엘,1
없음,1
차분한,1
시저,1
플랫,1
드립커피,1
성큼,1
잡고,1
베이커,1
지난,1
상점,1
서점,1
크나큰,1
맛있는,1
걷기,1
밤그,1
서교동,1
할아버지,1
헤이즈,1
무더웠던,1
버거울지라도,1
